{
    "faces":[32,0,13,12,0,0,0,32,1,13,15,1,1,1,32,0,12,17,2,2,2,32,0,17,19,3,3,3,32,0,19,16,4,4,4,32,1,15,22,5,5,5,32,2,14,24,6,6,6,32,3,18,26,7,7,7,32,4,20,28,8,8,8,32,5,21,30,9,9,9,32,1,22,25,10,10,10,32,2,24,27,11,11,11,32,3,26,29,12,12,12,32,4,28,31,13,13,13,32,5,30,23,14,14,14,32,6,32,37,15,15,15,32,7,33,39,16,16,16,32,8,34,40,17,17,17,32,9,35,41,18,18,18,32,10,36,38,19,19,19,32,38,41,11,20,20,20,32,38,36,41,21,21,21,32,36,9,41,22,22,22,32,41,40,11,23,23,23,32,41,35,40,24,24,24,32,35,8,40,25,25,25,32,40,39,11,26,26,26,32,40,34,39,27,27,27,32,34,7,39,28,28,28,32,39,37,11,29,29,29,32,39,33,37,30,30,30,32,33,6,37,31,31,31,32,37,38,11,32,32,32,32,37,32,38,33,33,33,32,32,10,38,34,34,34,32,23,36,10,35,35,35,32,23,30,36,36,36,36,32,30,9,36,37,37,37,32,31,35,9,38,38,38,32,31,28,35,39,39,39,32,28,8,35,40,40,40,32,29,34,8,41,41,41,32,29,26,34,42,42,42,32,26,7,34,43,43,43,32,27,33,7,44,44,44,32,27,24,33,45,45,45,32,24,6,33,46,46,46,32,25,32,6,47,47,47,32,25,22,32,48,48,48,32,22,10,32,49,49,49,32,30,31,9,50,50,50,32,30,21,31,51,51,51,32,21,4,31,52,52,52,32,28,29,8,53,53,53,32,28,20,29,54,54,54,32,20,3,29,55,55,55,32,26,27,7,56,56,56,32,26,18,27,57,57,57,32,18,2,27,58,58,58,32,24,25,6,59,59,59,32,24,14,25,60,60,60,32,14,1,25,61,61,61,32,22,23,10,62,62,62,32,22,15,23,63,63,63,32,15,5,23,64,64,64,32,16,21,5,65,65,65,32,16,19,21,66,66,66,32,19,4,21,67,67,67,32,19,20,4,68,68,68,32,19,17,20,69,69,69,32,17,3,20,70,70,70,32,17,18,3,71,71,71,32,17,12,18,72,72,72,32,12,2,18,73,73,73,32,15,16,5,74,74,74,32,15,13,16,75,75,75,32,13,0,16,76,76,76,32,12,14,2,77,77,77,32,12,13,14,78,78,78,32,13,1,14,79,79,79],
    "metadata":{
        "faces":80,
        "version":3,
        "type":"Geometry",
        "generator":"io_three",
        "uvs":0,
        "normals":80,
        "vertices":42
    },
    "vertices":[0.02096,0.083752,1.0961,0.604423,0.936229,0.572579,-0.204431,0.827732,0.510926,-0.889985,-0.036969,0.335101,-0.276388,-0.850649,0.44722,0.723607,-0.525725,0.44722,0.255291,1.33048,-0.456439,-0.833609,0.608017,-0.473467,-0.723607,-0.525725,-0.447219,0.199283,-1.11004,-0.510845,1.05351,0.034177,-0.421461,0,-0,-1,-0.234674,0.601026,0.852191,0.425323,0.309011,0.850654,0.25159,1.20887,0.540441,0.850648,0,0.525736,0.393443,-0.379955,0.805105,-0.597948,0.101031,0.852189,-0.726054,0.588023,0.500866,-0.223755,-0.411773,0.801637,-0.688189,-0.499997,0.525736,0.262869,-0.958651,0.525738,0.907145,0.243675,0.025755,0.951058,-0.309013,0,-0.200959,1.2949,0.037731,0.447505,1.48086,0.116141,-0.910057,0.235291,0.035037,-0.535559,0.754265,-0.106693,-0.587786,-0.809017,0,-0.946616,-0.345982,-0.112114,0.51068,-1.0684,-0.063626,-0.077105,-1.25938,-0.063626,0.801071,0.534174,-0.499982,-0.262869,1.01659,-0.525738,-0.850648,-0,-0.525736,-0.373992,-0.627362,-0.409533,0.945175,-0.499997,-0.525736,0.162456,0.606846,-0.941732,0.52573,-0,-0.850652,-0.425323,0.309011,-0.850654,-0.504523,-0.179651,-0.815093,0.0704,-0.402982,-0.775773],
    "name":"IcosphereGeometry",
    "normals":[0.225083,0.504333,0.833658,0.662395,0.13736,0.736454,-0.348577,0.253255,0.902417,-0.35267,-0.343163,0.870553,0.021938,-0.51872,0.854662,0.945528,0.237533,0.222609,-0.540272,0.600802,0.589188,-0.95379,0.188007,0.234387,-0.574602,-0.748783,0.330388,0.663502,-0.634114,0.39707,0.935977,0.341477,0.085676,-0.82491,0.405269,0.394056,-0.99427,0.037163,0.100228,-0.595562,-0.724376,0.347254,0.843435,-0.504571,0.184457,0.548899,0.415858,-0.725102,-0.399736,0.456718,-0.794745,-0.695969,-0.267692,-0.66631,-0.464167,-0.383731,-0.79831,0.62981,0.023823,-0.776384,0.245632,-0.438203,-0.864663,0.209972,-0.402784,-0.890885,0.230437,-0.304316,-0.924278,-0.135606,-0.499712,-0.855511,-0.220596,-0.689363,-0.690012,-0.121965,-0.685642,-0.717649,-0.339893,-0.013346,-0.940369,-0.626885,0.044998,-0.777811,-0.642536,0.083487,-0.761694,-0.226584,0.153017,-0.961897,-0.357463,0.456263,-0.814889,-0.234377,0.562026,-0.793218,0.273215,0.019206,-0.961761,0.571564,0.223662,-0.789487,0.612228,0.188516,-0.767879,0.975364,-0.210622,0.065599,0.845483,-0.504878,0.173947,0.590526,-0.730412,-0.343186,-0.589608,-0.582937,-0.559059,-0.584637,-0.583261,-0.56392,-0.196426,-0.85419,-0.481432,-0.861992,-0.272169,-0.427661,-0.984376,0.098809,-0.145744,-0.991903,0.038209,-0.121115,-0.568109,0.811271,0.138171,-0.81321,0.552301,-0.183446,-0.449024,0.819732,-0.355551,0.748786,0.534632,-0.391775,0.937468,0.348058,0.003175,0.885391,0.458779,0.074862,0.306569,-0.943522,-0.125629,0.295406,-0.909166,0.293516,-0.240257,-0.801517,0.547583,-0.759127,-0.62893,-0.167847,-0.79798,-0.573655,0.18479,-0.912821,-0.272664,0.303995,-0.716473,0.609632,0.339138,-0.819731,0.563439,-0.102849,-0.416589,0.901651,0.116095,-0.253343,0.953153,-0.16528,-0.296817,0.860314,0.414439,0.443703,0.64728,0.619803,0.956842,0.062802,0.283742,0.986637,0.071571,0.14637,0.904989,-0.268031,0.330385,0.551141,-0.460328,0.695947,0.017523,-0.437882,0.898862,-0.231186,-0.59432,0.770283,-0.338835,-0.566178,0.751421,-0.416236,-0.384933,0.823756,-0.842115,-0.154247,0.516769,-0.877675,0.10626,0.467327,-0.541564,0.393472,0.742892,-0.371647,0.788136,0.490632,0.653023,-0.263824,0.709899,0.567535,-0.080434,0.819411,0.549562,-0.080406,0.831575,-0.601826,0.688773,0.404225,0.156463,0.348765,0.924057,0.188845,0.35244,0.916583],
    "uvs":[]
}